{"chunk_definitions":[{"row":50,"row_count":1,"visible":true,"expansion_state":0,"options":{"engine":"r","label":"load-libraries","warning":false,"message":false},"document_id":"1464C02E","chunk_id":"ceqc5lbuaexv5","chunk_label":"load-libraries"},{"row":383,"row_count":1,"visible":true,"expansion_state":0,"options":{"engine":"r","label":"tickers_from_wikipedia"},"document_id":"1464C02E","chunk_id":"c4u8eaprmiy89","chunk_label":"unnamed-chunk-12"},{"row":402,"row_count":1,"visible":true,"expansion_state":0,"options":{"engine":"r","label":"get_price_data","message":false,"warning":false,"cache":true},"document_id":"1464C02E","chunk_id":"cn3yqipit25mp","chunk_label":"get_price_data"},{"row":435,"row_count":1,"visible":true,"expansion_state":0,"options":{"engine":"r","label":"calculate_returns","message":false,"warning":false,"cache":true},"document_id":"1464C02E","chunk_id":"c94iqo9ohtxj2","chunk_label":"calculate_returns"},{"row":454,"row_count":1,"visible":true,"expansion_state":0,"options":{"engine":"r","label":"summarise_monthly_returns"},"document_id":"1464C02E","chunk_id":"cy37gv39uz022","chunk_label":"summarise_monthly_returns"},{"row":467,"row_count":1,"visible":true,"expansion_state":0,"options":{"engine":"r","label":"density_monthly_returns"},"document_id":"1464C02E","chunk_id":"cjonhkzlwl501","chunk_label":"density_monthly_returns"},{"row":489,"row_count":1,"visible":true,"expansion_state":0,"options":{"engine":"r","label":"risk_return_plot"},"document_id":"1464C02E","chunk_id":"c6upf3nvvxjfc","chunk_label":"risk_return_plot"},{"row":517,"row_count":1,"visible":true,"expansion_state":0,"options":{"engine":"r","label":"unnamed-chunk-1"},"document_id":"1464C02E","chunk_id":"cdol4xefarh7d","chunk_label":"unnamed-chunk-13"},{"row":568,"row_count":1,"visible":true,"expansion_state":0,"options":{"engine":"r","label":"unnamed-chunk-2"},"document_id":"1464C02E","chunk_id":"c575ktv5zzqs7","chunk_label":"unnamed-chunk-14"},{"row":583,"row_count":1,"visible":true,"expansion_state":0,"options":{"engine":"r","label":"unnamed-chunk-5"},"document_id":"1464C02E","chunk_id":"cid014oiwxm2h","chunk_label":"unnamed-chunk-15"}],"doc_write_time":1601273225}