"0","library(tidyverse)  # Load ggplot2, dplyr, and all the other tidyverse packages"
"0","library(mosaic) "
"0","library(janitor) # clean_names()"
"0","library(lubridate) # handling dates"
"0","library(here)"
"0","library(skimr)"
"0","library(vroom)"
"0","library(ggrepel) # to avoid loverlapping legends"
"0","library(ggthemes) # theme_economist, theme_fivethirtyeight, etc"
"0","library(knitr) "
"0","library(kableExtra) # for nicer table formatting"
"0","library(zoo) # to calculate 7-day moving averages"
"0",""
