"0",""
"0","#Summarizing and calculating variables"
"0","monthly_returns <- myStocks_returns_monthly %>% "
"0","  group_by(symbol) %>% "
"0","  summarise(min = min(monthly_returns),"
"0","            max = max(monthly_returns), "
"0","            median=median(monthly_returns), "
"0","            mean=mean(monthly_returns), "
"0","            sd = sd(monthly_returns))"
"2","`summarise()` ungrouping output (override with `.groups` argument)
"
"0","#Return the resulting table"
"0","monthly_returns"
"2","Error in tempfile(pattern = ""_rs_rdf_"", tmpdir = outputFolder, fileext = "".rdf"") : 
  temporary name too long
"
