"0","url <- ""https://data.cdc.gov/api/views/vbim-akqf/rows.csv?accessType=DOWNLOAD"""
"0",""
"0",""
"0","cdc_covid_data <- vroom(url)%>%"
"0","  clean_names()"
"2","[1mRows:[22m 3,662,325
[1mColumns:[22m 11
[1mDelimiter:[22m "",""
[31mchr[39m  [8]: current_status, sex, age_group, Race and ethnicity (combined), hosp_yn, icu_yn, death_yn, medcond_yn
[34mdate[39m [3]: cdc_report_dt, pos_spec_dt, onset_dt

[90mUse `spec()` to retrieve the guessed column specification[39m
[90mPass a specification to the `col_types` argument to quiet this message[39m
"
"0","# if you wanted to keep a local copy..."
"0","# write_csv(cdc_covid_data,""COVID-19_Case_Surveillance_Public_Use_Data.csv"" )"
"0","# vroom_write(cdc_covid_data,""COVID-19_Case_Surveillance_Public_Use_Data.csv"" )"
"0",""
"0",""
"0","clean_cdc_covid_data <- cdc_covid_data %>% "
"0","  rename(race = race_and_ethnicity_combined)"
"0",""
"0","glimpse(clean_cdc_covid_data)"
"1","Rows: 3,662,325"
"1",""
"1","
"
"1","$ cdc_report_dt  [3m[38;5;246m<date>[39m[23m 2020-03-03, 2020-03-03, 2020-04-07, 2020-08-04, 2020-07-28, 2020-08-03, 2020-08-04, 20...
$ pos_spec_dt    [3m[38;5;246m<date>[39m[23m 2020-03-03, 2020-03-03, 2020-03-03, 2020-08-04, 2020-08-04, 2020-08-04, 2020-08-04, 20...
$ onset_dt       [3m[38;5;246m<date>[39m[23m NA, NA, 2020-03-03, NA, 2020-07-28, 2020-08-03, NA, NA, NA, NA, NA, NA, NA, NA, NA, NA...
$ current_status [3m[38;5;246m<chr>[39m[23m ""Laboratory-confirmed case"", ""Laboratory-confirmed case"", ""Laboratory-confirmed case"", ...
$ sex            [3m[38;5;246m<chr>[39m[23m ""Male"", ""Female"", ""Unknown"", ""Male"", ""Male"", ""Male"", ""Male"", ""Male"", ""Male"", ""Male"", ""M...
$ age_group      [3m[38;5;246m<chr>[39m[23m ""0 - 9 Years"", ""0 - 9 Years"", ""0 - 9 Years"", ""0 - 9 Years"", ""0 - 9 Years"", ""0 - 9 Years...
$ race           [3m[38;5;246m<chr>[39m[23m ""Unknown"", ""Unknown"", ""Unknown"", ""Unknown"", ""Unknown"", ""Unknown"", ""Unknown"", ""Unknown"",...
$ hosp_yn        [3m[38;5;246m<chr>[39m[23m ""Missing"", ""Missing"", ""No"", ""Missing"", ""No"", ""Missing"", ""Unknown"", ""Unknown"", ""Unknown""...
$ icu_yn         [3m[38;5;246m<chr>[39m[23m ""Missing"", ""Missing"", ""Missing"", ""Missing"", ""No"", ""Missing"", ""Unknown"", ""Unknown"", ""Unk...
$ death_yn       [3m[38;5;246m<chr>[39m[23m ""Missing"", ""Missing"", ""Missing"", ""Missing"", ""No"", ""Missing"", ""No"", ""No"", ""No"", ""Missing...
$ medcond_yn     [3m[38;5;246m<chr>[39m[23m ""Missing"", ""Missing"", ""Missing"", ""Missing"", ""Missing"", ""Missing"", ""Unknown"", ""Unknown"",..."
"1",""
"1","
"
"0","# skim(clean_cdc_covid_data)"
"0",""
"0",""
"0","  group_by(current_status) %>% "
"0","  count(sort=TRUE)"
