{"chunk_definitions":[{"row":189,"row_count":1,"visible":true,"expansion_state":0,"options":{"engine":"r","label":"unnamed-chunk-1"},"document_id":"506BBDF0","chunk_id":"ca5y0oxzi6ecb","chunk_label":"unnamed-chunk-8"},{"row":200,"row_count":1,"visible":true,"expansion_state":0,"options":{"engine":"r","cache":true,"label":"unnamed-chunk-2"},"document_id":"506BBDF0","chunk_id":"cf7xq3n1knfff","chunk_label":"unnamed-chunk-9"},{"row":560,"row_count":1,"visible":true,"expansion_state":0,"options":{"engine":"r","cache":true,"label":"unnamed-chunk-3"},"document_id":"506BBDF0","chunk_id":"cz7az3c83l1na","chunk_label":"unnamed-chunk-23"},{"row":594,"row_count":1,"visible":true,"expansion_state":0,"options":{"engine":"r","message":false,"warning":false,"cache":true,"label":"unnamed-chunk-5"},"document_id":"506BBDF0","chunk_id":"c9s1zsxjokhfi","chunk_label":"unnamed-chunk-24"}],"doc_write_time":1600773563}