"0",""
"0","djia_url <- ""https://en.wikipedia.org/wiki/Dow_Jones_Industrial_Average"""
"0",""
"0","#get tables that exist on URL"
"0","tables <- djia_url %>% "
"0","  read_html() %>% "
"0","  html_nodes(css=""table"")"
"0",""
"0",""
"0","# parse HTML tables into a dataframe called djia. "
"0","# Use purr::map() to create a list of all tables in URL"
"0","djia <- map(tables, . %>% "
"0","               html_table(fill=TRUE)%>% "
"0","               clean_names())"
"0",""
"0",""
"0","# constituents"
"0","table1 <- djia[[2]] %>% # the second table on the page contains the ticker symbols"
"0","  mutate(date_added = ymd(date_added),"
"0","         "
"0","         # if a stock is listed on NYSE, its symbol is, e.g., NYSE: MMM"
"0","         # We will get prices from yahoo finance which requires just the ticker"
"0","         "
"0","         ticker = ifelse(str_detect(symbol, ""NYSE*""),"
"0","                          symbol)"
"0","         )"
"0",""
"0","# we need a vector of strings with just the 30 tickers + SPY"
"0","tickers <- table1 %>% "
"0","  select(ticker) %>% "
"0","  pull() %>% # pull() gets them as a sting of characters"
"0","  c(""SPY"") # and lets us add SPY, the SP500 ETF"
"0",""
