"0","#calculate daily returns"
"0","myStocks_returns_daily <- myStocks %>%"
"0","  tq_transmute(select     = adjusted, "
"0","               mutate_fun = periodReturn, "
"0","               period     = ""daily"", "
"0","               type       = ""log"","
"0","               col_rename = ""daily_returns"","
"0","               cols = c(nested.col))  "
"0",""
"0","#calculate monthly  returns"
"0","myStocks_returns_monthly <- myStocks %>%"
"0","  tq_transmute(select     = adjusted, "
"0","               mutate_fun = periodReturn, "
"0","               period     = ""monthly"", "
"0","               type       = ""arithmetic"","
"0","               col_rename = ""monthly_returns"","
"0","               cols = c(nested.col)) "
"0",""
"0","#calculate yearly returns"
"0","myStocks_returns_annual <- myStocks %>%"
"0","  group_by(symbol) %>%"
"0","  tq_transmute(select     = adjusted, "
"0","               mutate_fun = periodReturn, "
"0","               period     = ""yearly"", "
"0","               type       = ""arithmetic"","
"0","               col_rename = ""yearly_returns"","
"0","               cols = c(nested.col))"
