"0","url <- ""https://github.com/rfordatascience/tidytuesday/raw/master/data/2019/2019-08-13/emperors.csv""
emperors <- vroom(url)
"
"2","[1mRows:[22m 68
[1mColumns:[22m 16
[1mDelimiter:[22m "",""
[31mchr[39m  [11]: name, name_full, birth_cty, birth_prv, rise, cause, killer, dynasty, era, notes, verif_who
[32mdbl[39m  [ 1]: index
[34mdate[39m [ 4]: birth, death, reign_start, reign_end

[90mUse `spec()` to retrieve the guessed column specification[39m
[90mPass a specification to the `col_types` argument to quiet this message[39m
"
